Date,DXC,BBY,AMG,CNP,WMT,MRK,NEM,VFC,MDT,HST,MTD,CCI,KMI,RMD,LUV,NWS,AMGN,APD,TGT,MYL,GPC,FCX,KO,DISCK,FISV,ACN,SRCL,IT,PHM,ALB,AAPL,EFX,FE,COST,GWW,M,CRM,LKQ,AON,PEP,RJF,ORCL,MHK,PPL,FMC,OKE,EQR,RCL,IRM,BA,ABC,GIS,SYF,BMY,ADBE,SNPS,BWA,MSI,COF,LYB,RTN,FFIV,HLT,CVS,NEE,KMX,INCY,MGM,AES,GM,FDX,ADP,HOLX,NRG,NBL,MSFT,COG,OXY,GOOGL,GS,HRB,AJG,CINF,TXN,ETN,EXPE,TMO,BSX,CTAS,WBA,UNH,HSY,FB,EIX,SBUX,MCO,HII,RL,LNT,AXP
3/31/15,22.12887955,33.17991257,209.0900574,16.58027267,73.01541138,49.78084564,20.14196968,62.42157745,70.46037292,16.2150135,328.6499939,68.70916748,34.21094131,66.11945343,42.28531647,14.84605312,140.7632446,122.6047897,69.96856689,59.34999847,81.15415955,18.19032478,34.73751068,29.47999954,39.70000076,84.22186279,140.4299927,83.84999847,20.65921211,48.82647324,114.5078812,87.83695221,28.48910141,138.0237427,212.1398468,50.79764938,66.80999756,25.55999947,90.70262909,83.08290863,53.11358261,39.84144211,185.75,24.88516998,46.18547821,36.38588333,60.05521774,73.40809631,26.71063995,131.8426514,104.9794693,47.03043365,27.96347618,56.33089447,73.94000244,46.31999969,56.40074158,60.64439392,70.51819611,72.33731079,99.14241028,114.9400024,58.83329391,91.35561371,89.90338135,69.01000214,91.66000366,20.02988815,10.53318119,30.31094933,157.6053925,77.0472641,33.02999878,23.57284737,45.09856415,36.76264191,28.1772213,57.97121048,554.7000122,174.9113922,27.07629585,40.91389084,46.11833954,50.14593887,57.64738083,89.95684814,132.1265717,17.75,77.17124939,76.2355423,109.7141113,89.78566742,82.22000122,53.20843887,43.33609772,97.56402588,131.2903137,118.7339096,26.84617615,72.46104431
4/30/15,21.84752274,30.42296982,220.139389,17.03519058,69.28697205,51.58223724,24.57673073,60.03445435,67.26213837,16.18287468,317.0100098,69.53327179,35.31919098,58.89770889,38.71540451,14.56540966,139.0549164,116.2427292,67.20631409,72.26000214,78.24552917,22.39833641,34.74606705,30.22999954,38.79999924,85.10553741,133.4299927,82.98000336,17.93624687,55.16541672,115.1704788,91.54878235,29.17978859,130.6819,223.4930878,50.57852936,72.81999969,27.06999969,91.08507538,82.64845276,52.87973022,40.41659546,173.5,25.15871429,47.84734344,36.73788834,56.96993256,61.04038239,25.25355911,125.9216461,105.5612946,46.34711075,28.70056725,55.97953415,76.05999756,46.88000107,55.20708466,54.34983063,72.33436584,85.28881073,94.37812042,122.0199966,57.5223465,88.19024658,87.20759583,68.11000061,97.16000366,20.14417648,10.8610611,28.33872223,161.5300598,76.05762482,33.74000168,23.75412941,46.77707672,43.97773743,32.27069855,63.60951233,548.7700195,182.774353,25.53124428,41.85906982,43.83319092,47.82565689,58.78262329,90.05240631,123.6092529,17.81999969,75.58300018,74.66005707,103.3236389,81.78668213,78.76999664,51.90526199,45.37706375,101.0605469,123.2714539,120.4584579,25.99754906,71.83956909
5/31/15,21.84752274,30.42296982,220.139389,17.03519058,69.28697205,51.58223724,24.57673073,60.03445435,67.26213837,16.18287468,317.0100098,69.53327179,35.31919098,58.89770889,38.71540451,14.56540966,139.0549164,116.2427292,67.20631409,72.26000214,78.24552917,22.39833641,34.74606705,30.22999954,38.79999924,85.10553741,133.4299927,82.98000336,17.93624687,55.16541672,115.1704788,91.54878235,29.17978859,130.6819,223.4930878,50.57852936,72.81999969,27.06999969,91.08507538,82.64845276,52.87973022,40.41659546,173.5,25.15871429,47.84734344,36.73788834,56.96993256,61.04038239,25.25355911,125.9216461,105.5612946,46.34711075,28.70056725,55.97953415,76.05999756,46.88000107,55.20708466,54.34983063,72.33436584,85.28881073,94.37812042,122.0199966,57.5223465,88.19024658,87.20759583,68.11000061,97.16000366,20.14417648,10.8610611,28.33872223,161.5300598,76.05762482,33.74000168,23.75412941,46.77707672,43.97773743,32.27069855,63.60951233,548.7700195,182.774353,25.53124428,41.85906982,43.83319092,47.82565689,58.78262329,90.05240631,123.6092529,17.81999969,75.58300018,74.66005707,103.3236389,81.78668213,78.76999664,51.90526199,45.37706375,101.0605469,123.2714539,120.4584579,25.99754906,71.83956909
6/30/15,22.40707016,28.82517815,212.8088837,15.65253353,63.36373138,49.67954254,21.6937809,58.08469391,67.2856369,16.09233093,341.4599915,67.5120697,31.56934929,52.18186951,31.64920044,13.32122231,135.855484,111.5814438,70.05734253,67.86000061,78.50126648,17.92252159,33.88396072,31.07999992,41.41500092,88.89923859,133.9100037,85.77999878,18.80583,51.31402206,115.9103012,91.96601105,26.71190453,123.3827133,213.9125366,53.07841492,69.62999725,30.25,94.35063934,81.69982147,55.89750671,37.34040833,190.8999939,23.67712975,42.54595184,30.15410233,54.543396,71.14515686,23.04073143,122.6440277,98.45967102,46.66536331,30.3406086,58.4478035,81.01000214,50.65000153,53.11985779,52.46259689,79.0872879,85.9503479,87.42689514,120.3499985,54.72171783,93.15530396,85.35237122,66.20999908,104.2099991,17.38209534,10.95191479,27.21938896,162.5431824,72.60791779,38.06000137,21.53305626,39.50669861,40.17753601,30.11268997,62.35045242,540.039978,194.8909302,25.19944954,41.71438217,43.8286438,45.44363022,57.72208405,104.668808,127.7692413,17.70000076,79.96956635,76.3181839,113.6344223,79.48459625,85.76999664,47.69550323,49.23071289,101.7887955,105.8185425,119.9401016,24.8152504,72.35973358
7/31/15,22.33538055,28.54231644,202.3923492,15.90751171,64.30175018,51.45100784,15.94530678,64.20632935,71.18110657,15.7271452,337.6000061,68.86567688,28.88349342,53.64447784,34.62378693,13.34928608,156.2709503,116.2133408,70.24616241,55.99000168,77.9927063,11.34374332,35.48186874,30.29999924,43.43000031,94.71379089,140.9700012,88.56999969,19.3378067,50.32062149,112.09375,96.74001312,27.86901474,132.7373657,206.7354126,54.32925415,73.30000305,31.45999908,95.66407013,84.33444977,55.35335541,37.14490891,201.5899963,25.55715942,39.29933548,29.30657387,58.15008545,81.23512268,22.33464432,127.4624252,97.91338348,49.12409973,31.65815163,57.97966003,81.98999786,50.84000015,46.45650482,55.04273605,73.09077454,77.90498352,99.68015289,134.1399994,53.33132172,100.2128601,91.59513855,64.51000214,104.2799988,18.68694115,10.65503216,25.73306465,163.5161285,72.19159698,41.65999985,21.26855087,32.77375412,42.49809647,24.97615433,56.28135681,657.5,191.4185791,28.29308128,41.82902908,48.22198105,44.39523315,52.2774353,116.2412567,137.3893585,17.34000015,80.8298645,87.33569336,113.0755539,83.1174469,94.01000214,51.49707031,53.18790436,104.1175995,110.3486786,114.0772018,26.68710899,70.8142395
8/31/15,21.16109085,32.47583389,181.500885,15.51362514,58.21995926,46.99180984,15.85243511,60.32513046,65.64208984,14.38814831,296.5499878,70.10998535,27.02408028,48.34326172,35.16722488,12.93767738,134.9404755,113.7832184,67.16710663,49.59000015,73.20529175,10.27212143,33.96169281,25.36000061,42.63499832,86.59363556,141.1399994,85.51000214,19.30980873,41.9740715,104.673584,92.98957062,26.51084518,128.293045,203.0179596,46.108284,69.36000061,29.98999977,88.70547485,81.34095001,49.71481705,34.49435043,196.9700012,24.89834785,34.25535583,27.92616081,55.38288879,79.70716095,21.06369019,116.2728958,92.88459015,47.90043259,30.35903358,52.52971268,78.56999969,46.93000031,40.90403366,59.30633926,70.59272003,71.55426788,93.71342468,121.4100037,49.38405228,91.24030304,86.34473419,61,116.1900024,19.4584198,9.989092827,24.0425663,143.6656647,69.97437286,38.81000137,18.87169456,31.08064079,39.86539078,22.61612892,58.53421783,647.8200073,176.651825,28.91350365,38.55714035,45.70651627,42.49435425,49.23986053,110.3117447,123.4466095,16.73999977,80.34771729,78.53221893,107.7664032,80.61513519,89.43000031,50.18411255,50.36998749,96.75738525,106.2142868,100.7565765,24.58720398,71.42871094
9/30/15,21.11546135,33.01520538,166.4601593,15.03038788,58.31890106,43.47086716,14.94756603,57.0814476,61.11518478,12.9899168,284.7399902,67.01094055,23.08011436,47.43111801,36.45125198,12.08474064,122.9738388,104.7707443,67.98821259,40.25999832,73.23386383,9.354968071,34.95290375,24.29000092,43.30500031,90.25872803,139.3099976,83.93000031,17.6784687,41.22819138,102.3899918,92.30567932,25.97166634,132.4335938,195.3583984,40.62372208,69.43000031,28.36000061,84.12018585,83.18035889,46.73573303,33.59222794,181.7899933,26.76540756,27.60689545,24.97146225,58.84031296,81.17966461,23.44693184,116.5131226,88.19578552,47.36876678,28.83877182,52.62149811,82.22000122,46.18000031,38.9825592,62.87292862,65.84416199,69.8613739,99.835495,115.8000031,45.62505341,85.96549225,85.59015656,59.31999969,110.3300018,17.57258224,8.14943409,24.81786919,137.5727844,73.18412018,39.13000107,14.06851006,28.0758419,40.54324722,20.88671684,53.61166382,638.3699951,162.7519836,30.941082,36.72629547,47.39852142,43.98662949,44.26928329,112.8922958,120.5522079,16.40999985,81.06620789,75.40179443,108.5225601,82.7403717,89.90000153,54.487957,52.33102036,92.87046051,101.0913239,107.5599213,25.37684059,69.01732635
10/31/15,21.11546135,33.01520538,166.4601593,15.03038788,58.31890106,43.47086716,14.94756603,57.0814476,61.11518478,12.9899168,284.7399902,67.01094055,23.08011436,47.43111801,36.45125198,12.08474064,122.9738388,104.7707443,67.98821259,40.25999832,73.23386383,9.354968071,34.95290375,24.29000092,43.30500031,90.25872803,139.3099976,83.93000031,17.6784687,41.22819138,102.3899918,92.30567932,25.97166634,132.4335938,195.3583984,40.62372208,69.43000031,28.36000061,84.12018585,83.18035889,46.73573303,33.59222794,181.7899933,26.76540756,27.60689545,24.97146225,58.84031296,81.17966461,23.44693184,116.5131226,88.19578552,47.36876678,28.83877182,52.62149811,82.22000122,46.18000031,38.9825592,62.87292862,65.84416199,69.8613739,99.835495,115.8000031,45.62505341,85.96549225,85.59015656,59.31999969,110.3300018,17.57258224,8.14943409,24.81786919,137.5727844,73.18412018,39.13000107,14.06851006,28.0758419,40.54324722,20.88671684,53.61166382,638.3699951,162.7519836,30.941082,36.72629547,47.39852142,43.98662949,44.26928329,112.8922958,120.5522079,16.40999985,81.06620789,75.40179443,108.5225601,82.7403717,89.90000153,54.487957,52.33102036,92.87046051,101.0913239,107.5599213,25.37684059,69.01732635
11/30/15,25.58247566,28.26571274,172.5348511,14.32482719,52.92233276,46.6570282,17.12412262,54.14410019,68.78424835,13.63900089,342.7799988,72.99240875,20.02120972,55.73605347,43.96380997,13.63068295,143.9514618,112.4162445,63.15590668,51.29999924,80.07219696,7.927809238,37.41568375,29.57999992,48.11999893,99.54733276,120.7200012,93.30000305,18.2499485,50.07216263,110.2863541,106.1859512,26.3432579,148.2512512,183.2286835,30.93482208,79.69000244,29.48999977,90.2251358,88.3493576,55.30504227,36.38683319,190.7200012,27.70126152,34.98283768,23.28781319,62.52176285,84.38713837,21.3626194,130.2146912,91.90279388,49.52352142,29.32710266,59.56362534,91.45999908,50.08000183,40.13496017,65.99910736,71.6384964,80.96800232,114.0404587,103,46.24868774,84.12036896,88.98271942,57.29999924,114.2399979,21.65856552,8.391382217,29.92693901,151.4848785,78.55728149,40.34999847,11.84131908,34.29051208,50.12149811,18.00821495,61.26236725,762.8499756,178.5913391,31.35989952,38.92382813,53.8387413,51.96366501,50.68035507,118.3331757,136.4444275,18.28000069,87.58171082,76.5825882,105.4355316,78.26383209,104.2399979,51.28277969,56.70307922,97.85218048,123.9810486,113.0671692,26.35447693,66.95153046
12/31/15,26.8158474,27.28581429,155.5276794,15.51644707,55.59673691,46.89155197,16.75507545,52.41654587,70.5765152,12.76554585,339.1300049,74.21672058,12.67358494,50.23448944,41.32410049,13.15936089,145.0505219,107.5554504,63.25173569,54.06999969,76.40296173,6.561280251,37.7141571,25.21999931,45.72999954,97.0219574,120.5999985,90.69999695,16.77791786,52.67303085,98.12966919,106.0621567,26.62859726,148.3247223,185.1016846,27.95503235,78.40000153,29.62999916,87.81570435,88.75508118,54.7746048,34.10857391,189.3899994,28.09038162,32.00911331,19.48024178,64.35243225,92.58094025,20.77049255,129.4447937,96.62651825,49.43778992,28.01875687,61.48082352,93.94000244,45.61000061,40.64264297,63.31148911,65.86252594,73.4305954,114.5001831,96.95999908,42.62368774,87.4104538,92.57375336,53.97000122,108.4499969,21.63951492,8.038590431,28.4125843,142.6022949,77.63143921,38.68999863,11.27607918,30.79319763,51.16359329,16.91796684,55.39425659,778.0100098,169.390152,28.6259613,36.73368073,52.93668747,49.00427628,45.34741592,119.4769897,140.0010834,18.44000053,87.06533813,77.61244202,110.5226898,80.94789124,104.6600037,51.56275558,55.44691086,95.21417999,120.1267395,101.9399948,27.34402084,64.99829102
1/31/16,26.8158474,27.28581429,155.5276794,15.51644707,55.59673691,46.89155197,16.75507545,52.41654587,70.5765152,12.76554585,339.1300049,74.21672058,12.67358494,50.23448944,41.32410049,13.15936089,145.0505219,107.5554504,63.25173569,54.06999969,76.40296173,6.561280251,37.7141571,25.21999931,45.72999954,97.0219574,120.5999985,90.69999695,16.77791786,52.67303085,98.12966919,106.0621567,26.62859726,148.3247223,185.1016846,27.95503235,78.40000153,29.62999916,87.81570435,88.75508118,54.7746048,34.10857391,189.3899994,28.09038162,32.00911331,19.48024178,64.35243225,92.58094025,20.77049255,129.4447937,96.62651825,49.43778992,28.01875687,61.48082352,93.94000244,45.61000061,40.64264297,63.31148911,65.86252594,73.4305954,114.5001831,96.95999908,42.62368774,87.4104538,92.57375336,53.97000122,108.4499969,21.63951492,8.038590431,28.4125843,142.6022949,77.63143921,38.68999863,11.27607918,30.79319763,51.16359329,16.91796684,55.39425659,778.0100098,169.390152,28.6259613,36.73368073,52.93668747,49.00427628,45.34741592,119.4769897,140.0010834,18.44000053,87.06533813,77.61244202,110.5226898,80.94789124,104.6600037,51.56275558,55.44691086,95.21417999,120.1267395,101.9399948,27.34402084,64.99829102
2/29/16,23.64028931,29.02422142,135.0158844,15.96675396,60.16782379,44.57450104,24.05690193,54.82475281,71.00775909,12.74058151,314.9100037,74.25964355,15.63035679,53.52879333,40.25884628,10.7556076,128.0188446,109.5063324,68.90608978,45.06999969,80.19243622,7.394765377,37.86341095,24.64999962,47.81499863,93.08538818,113.9300003,82.40000153,16.18476486,52.8705101,90.62934113,99.88147736,28.39893913,138.1640472,199.3565216,34.53222275,67.75,27.60000038,91.06692505,86.88972473,41.42346191,34.48358536,179.7299957,28.79820442,30.79026031,19.47673798,58.75245667,68.3791275,22.59300804,106.7801743,81.01863861,50.85251236,24.83082962,55.34971619,85.15000153,44.75,30.84708023,67.9731369,60.36500168,68.45993805,114.4909286,96.16999817,41.38879013,87.26416779,101.2899323,46.25999832,73.5,18.02975464,8.331839561,24.59471512,131.0114594,77.60396576,34.63000107,10.48128891,27.67160416,47.25836945,19.27131271,56.48165894,717.2199707,141.1472015,28.25642586,35.75567245,56.4884758,47.76208115,49.41682816,100.0703964,127.5061035,16.97999954,80.31430817,72.28131866,111.8943481,82.95213318,106.9199982,59.35683823,53.94156265,84.63775635,124.1136093,82.99313354,30.03297234,52.16990662
3/31/16,28.21900368,29.31440926,158.0977173,17.92938423,62.57766342,47.38238907,24.77876854,54.85501099,69.16433716,14.06951427,344.7600098,75.03817749,15.43162918,54.38471985,43.07095337,12.59747505,134.9020081,119.8471756,72.2701416,46.34999847,89.01425171,10.02121544,41.0429306,27,51.29000092,107.1419525,126.1900024,89.34999847,17.70474052,60.42209244,102.1583557,109.186554,30.52016258,145.1168976,214.54953,35.52483749,73.83000183,31.93000031,99.82098389,91.67944336,45.17496109,38.35573196,190.8999939,31.66686821,33.1779747,24.23230553,66.75919342,75.53239441,26.50518227,114.6951752,80.95314789,54.74097443,26.40637016,57.43252563,93.80000305,48.43999863,36.24626923,70.42264557,63.65280914,73.04328918,113.363121,105.8499985,44.92702484,93.15543365,106.2458115,51.09999847,72.47000122,20.42038918,10.03221607,26.58650017,156.0183411,82.71674347,34.5,12.64949989,29.46322441,51.29874039,21.74125671,56.76677704,762.9000244,148.1795349,22.8677597,40.28694153,58.90444183,51.72572708,55.05603409,103.8729935,139.8965912,18.80999947,85.87961578,77.13423157,121.6012268,84.04732513,114.0999985,63.02928543,55.3223114,92.03401184,130.1720428,88.48091125,32.83075333,57.63282013
4/30/16,28.21900368,29.31440926,158.0977173,17.92938423,62.57766342,47.38238907,24.77876854,54.85501099,69.16433716,14.06951427,344.7600098,75.03817749,15.43162918,54.38471985,43.07095337,12.59747505,134.9020081,119.8471756,72.2701416,46.34999847,89.01425171,10.02121544,41.0429306,27,51.29000092,107.1419525,126.1900024,89.34999847,17.70474052,60.42209244,102.1583557,109.186554,30.52016258,145.1168976,214.54953,35.52483749,73.83000183,31.93000031,99.82098389,91.67944336,45.17496109,38.35573196,190.8999939,31.66686821,33.1779747,24.23230553,66.75919342,75.53239441,26.50518227,114.6951752,80.95314789,54.74097443,26.40637016,57.43252563,93.80000305,48.43999863,36.24626923,70.42264557,63.65280914,73.04328918,113.363121,105.8499985,44.92702484,93.15543365,106.2458115,51.09999847,72.47000122,20.42038918,10.03221607,26.58650017,156.0183411,82.71674347,34.5,12.64949989,29.46322441,51.29874039,21.74125671,56.76677704,762.9000244,148.1795349,22.8677597,40.28694153,58.90444183,51.72572708,55.05603409,103.8729935,139.8965912,18.80999947,85.87961578,77.13423157,121.6012268,84.04732513,114.0999985,63.02928543,55.3223114,92.03401184,130.1720428,88.48091125,32.83075333,57.63282013
5/31/16,40.56236267,29.07042313,168.9231415,19.53780556,65.14345551,50.38240814,30.21368217,52.78820038,74.21792603,12.97428036,375.3200073,78.77706146,15.7292099,55.83942795,40.84049606,11.73229122,143.0538025,118.6740723,60.87392044,43.34000015,86.82830811,10.73840046,39.45924377,26.77000046,52.66500092,111.5289612,97.98999786,101.6200027,17.75205803,74.19261932,94.1705246,120.4391556,28.14080238,137.4088593,211.0040894,26.75844383,83.70999908,33.06999969,104.7587891,90.50752258,53.20227432,37.83055878,196.6900024,32.05781937,39.02954102,35.6908226,61.58076477,71.50180817,28.71720505,114.9111176,70.45008087,54.64030457,28.74663734,64.46323395,99.47000122,51.66999817,32.24705887,64.44088745,67.64665985,70.17948151,120.5879288,110.1999969,41.52087784,86.97485352,108.6374741,53.65999985,84.41000366,21.76333427,9.520609856,26.45961571,158.1756897,80.99251556,34.40999985,15.95807457,33.62871552,49.57177734,22.96626472,62.58198547,748.8499756,151.1564941,18.48809242,43.77401733,62.27502823,54.93878937,54.73050308,107.4016953,149.954834,22.70999908,90.65122986,71.19725037,126.1011353,85.28876495,118.8099976,62.80130768,51.04299545,94.38925171,146.3107147,86.70687866,33.03248215,62.02415466
6/30/16,41.05993652,27.91133308,137.0407715,20.81257629,67.2050705,52.01252365,36.49472046,52.4128418,80.01849365,13.84389782,364.9200134,88.82920837,16.28600311,59.78203201,37.78734207,11.09528446,137.8007813,118.9839554,61.79437637,43.24000168,91.32702637,10.7965517,40.41267014,23.85000038,54.36500168,106.2042236,104.1200027,97.41000366,18.53202629,75.2456665,90.15322113,122.9967957,29.94194984,145.047287,209.9876251,27.39182091,79.41000366,31.70000076,104.7204514,95.48547363,46.97719574,38.51752853,189.7599945,31.70775032,38.23206329,39.15674973,61.755867,62.0409317,31.54996109,118.2996902,74.52786255,62.07306671,23.2921505,66.47731018,95.79000092,54.08000183,27.97335243,61.74634171,58.65974045,64.19316864,126.428093,113.8399963,45.01758194,86.33460999,117.9347687,49.02999878,79.98000336,21.55379486,10.71390438,24.24359512,145.8926849,85.22834015,34.59999847,14.60387993,33.74159622,47.86014938,24.66214371,63.29911804,703.5300293,140.8253479,20.09427261,43.45449829,67.96459198,56.79728317,53.04321289,102.6321487,146.1371765,23.37000084,93.83550262,76.59683228,133.8113403,104.2479172,114.2799988,68.52713776,53.11670303,89.67169952,160.2541199,82.84885406,35.39513779,57.59667587
7/31/16,41.05993652,27.91133308,137.0407715,20.81257629,67.2050705,52.01252365,36.49472046,52.4128418,80.01849365,13.84389782,364.9200134,88.82920837,16.28600311,59.78203201,37.78734207,11.09528446,137.8007813,118.9839554,61.79437637,43.24000168,91.32702637,10.7965517,40.41267014,23.85000038,54.36500168,106.2042236,104.1200027,97.41000366,18.53202629,75.2456665,90.15322113,122.9967957,29.94194984,145.047287,209.9876251,27.39182091,79.41000366,31.70000076,104.7204514,95.48547363,46.97719574,38.51752853,189.7599945,31.70775032,38.23206329,39.15674973,61.755867,62.0409317,31.54996109,118.2996902,74.52786255,62.07306671,23.2921505,66.47731018,95.79000092,54.08000183,27.97335243,61.74634171,58.65974045,64.19316864,126.428093,113.8399963,45.01758194,86.33460999,117.9347687,49.02999878,79.98000336,21.55379486,10.71390438,24.24359512,145.8926849,85.22834015,34.59999847,14.60387993,33.74159622,47.86014938,24.66214371,63.29911804,703.5300293,140.8253479,20.09427261,43.45449829,67.96459198,56.79728317,53.04321289,102.6321487,146.1371765,23.37000084,93.83550262,76.59683228,133.8113403,104.2479172,114.2799988,68.52713776,53.11670303,89.67169952,160.2541199,82.84885406,35.39513779,57.59667587
8/31/16,39.03852844,35.09895706,138.28685,19.70934486,66.20101166,56.68923569,35.6737709,52.89017105,80.65667725,15.218894,403.0700073,82.99660492,19.1271019,63.34947205,35.63851166,13.71936417,154.917038,130.3596497,62.61743927,42.36000061,92.74313354,9.972757339,38.71877289,24.81999969,51.52500153,107.8072662,85.98000336,91,20.31962204,75.87182617,100.597023,126.6702881,28.37888908,150.1140594,214.3417511,29.48634338,79.41999817,36.09000015,107.0727539,96.89611053,55.42928696,38.93312073,212.7799988,29.21312714,38.75217819,39.22070313,58.16062546,65.69962311,30.42516518,118.8942947,82.0292511,62.04834366,25.76175308,51.87129593,102.3099976,59.29000092,32.71327591,72.06080627,66.53179932,68.81220245,131.0212708,122.7300034,47.76190948,84.59563446,110.148735,58.95000076,81.09999847,22.75387383,10.45489597,27.34471893,158.5325928,83.31726837,38.41999817,11.82343674,32.52961731,54.07826233,23.61785889,64.37979889,789.8499756,161.2436829,18.92356682,45.45553589,69.97929382,63.38154602,59.62175751,105.5956955,150.5185242,23.81999969,112.367363,74.57977295,128.9308319,92.25603485,126.1200027,64.15982819,52.47117615,104.376976,157.9984589,95.79106903,34.08485794,62.16572952
9/30/16,43.32911301,35.0843811,140.8666229,20.37597466,66.83114624,56.75933838,36.67602921,48.0920105,80.47258759,13.46845341,419.8299866,83.3086853,20.24758911,61.54463196,37.58085251,13.61882305,151.9564362,126.7232437,61.2703476,38.11999893,91.19522858,10.52518368,38.03743362,26.30999947,49.73500061,114.528801,80.13999939,88.44999695,19.14117241,81.42966461,107.186554,129.2440338,28.68236351,141.2418976,208.9334717,30.51854706,71.33000183,35.45999908,108.1689682,98.72963715,55.66073227,37.10074997,200.3399963,29.35262489,40.06561661,42.98468781,58.12000656,69.71582031,30.09651947,120.9975662,76.19091797,55.96792984,25.91911888,48.73498154,108.5400009,59.34999847,33.46475983,71.77732086,66.74552155,70.3560791,127.2812576,124.6399994,45.8810463,80.60134125,111.4055939,53.34999847,94.29000092,24.79210281,11.13052273,27.54205894,168.3119354,82.30912781,38.83000183,10.94473553,33.71834564,54.21001816,24.73977852,61.68857574,804.0599976,153.4507904,20.43018532,46.79868317,68.88805389,63.96487427,58.87804413,112.9502258,157.474411,23.79999924,107.6722412,74.49660492,133.2867889,88.29392242,128.2700043,64.15998077,50.52088928,103.9832535,146.7586212,93.97859955,34.40819168,60.70592117
10/31/16,45.18808365,35.75518799,129.1456146,19.99880791,64.88513947,53.40343475,34.57572556,46.51324844,76.39307404,13.39060211,404.0799866,80.46128845,17.99130249,56.77608871,38.70180511,11.87576675,128.5904694,122.3386307,61.31494904,36.5,82.2436676,10.83531761,38.10933685,25.11000061,49.24000168,110.1032562,80.08999634,86.04000092,17.76576042,79.58181,107.651123,119.0547028,29.73150253,136.9447174,193.396347,30.05726814,75.16000366,32.27999878,106.8980942,97.30457306,57.48708344,36.42904282,184.3000031,29.15732956,38.86381912,41.02128601,55.7890625,71.50172424,27.04917717,130.8158875,66.32515717,54.71983719,26.4652729,46.33332062,107.5100021,59.31000137,34.09258652,68.29571533,68.7990799,69.38787842,128.4211121,138.2100067,45.22074509,76.54885101,116.5787811,49.93999863,86.97000122,24.92544746,10.29080868,27.39468384,167.9650726,81.24526215,36.00999832,10.40828323,32.52018356,56.39347458,20.02196121,61.68012619,809.9000244,169.5979919,20.27133179,44.3699646,64.6499176,64.57555389,57.1397438,125.0561981,145.5643311,22,102.0017624,76.4463501,134.553009,94.6296463,130.9900055,65.25225067,49.52241516,96.53117371,154.3538666,91.15385437,34.44485855,63.27884293
11/30/16,50.31686401,41.99465561,144.1765594,21.1663723,65.26509094,55.64979553,30.28176117,46.77066422,68.00120544,15.43206215,412.019989,73.8026123,19.55001831,58.73484039,45.04097366,11.44479275,132.1278687,132.4616852,69.49120331,36.61000061,87.3640213,14.87675571,36.57339096,26.44000053,52.31000137,113.1248322,72.97000122,102.8199997,18.01409912,83.61090088,105.3257675,110.2113495,27.42629433,139.4470978,215.5009308,34.76066971,72,32.83000183,110.0520706,91.53211975,68.78943634,38.10731506,197.4400024,28.41015053,46.51391602,46.5269165,54.21702576,75.3154068,26.46376801,140.4212189,73.901474,53.80165482,32.13860703,51.36619186,102.8099976,60.47999954,33.99877548,75.5129776,78.91217804,79.56262207,140.576004,140.75,50.23781967,69.98619843,105.6424942,57.79000092,102.2900009,27.34465218,10.01102448,29.93475914,184.6825714,89.60682678,38.27999878,11.10347271,36.09941483,57.09659576,21.25200462,60.36885071,775.8800049,209.3044434,19.55649757,46.66631317,70.09375,67.87578583,60.15810776,120.3059998,138.7133331,20.45999908,110.9993362,78.65519714,151.328476,89.81761932,118.4199982,61.0696373,54.3454361,96.87519836,171.5826569,97.20290375,32.51667786,68.63306427
12/31/16,50.31686401,41.99465561,144.1765594,21.1663723,65.26509094,55.64979553,30.28176117,46.77066422,68.00120544,15.43206215,412.019989,73.8026123,19.55001831,58.73484039,45.04097366,11.44479275,132.1278687,132.4616852,69.49120331,36.61000061,87.3640213,14.87675571,36.57339096,26.44000053,52.31000137,113.1248322,72.97000122,102.8199997,18.01409912,83.61090088,105.3257675,110.2113495,27.42629433,139.4470978,215.5009308,34.76066971,72,32.83000183,110.0520706,91.53211975,68.78943634,38.10731506,197.4400024,28.41015053,46.51391602,46.5269165,54.21702576,75.3154068,26.46376801,140.4212189,73.901474,53.80165482,32.13860703,51.36619186,102.8099976,60.47999954,33.99877548,75.5129776,78.91217804,79.56262207,140.576004,140.75,50.23781967,69.98619843,105.6424942,57.79000092,102.2900009,27.34465218,10.01102448,29.93475914,184.6825714,89.60682678,38.27999878,11.10347271,36.09941483,57.09659576,21.25200462,60.36885071,775.8800049,209.3044434,19.55649757,46.66631317,70.09375,67.87578583,60.15810776,120.3059998,138.7133331,20.45999908,110.9993362,78.65519714,151.328476,89.81761932,118.4199982,61.0696373,54.3454361,96.87519836,171.5826569,97.20290375,32.51667786,68.63306427
1/31/17,51.76005554,41.15646362,148.3237,23.25107193,62.28830719,56.80997849,33.91693497,44.52139664,71.22750092,15.83987904,426.6300049,78.51493073,19.78380775,64.5242691,50.65671921,12.11519718,143.6925964,128.9160156,58.01129913,38.04999924,88.48738861,16.13667488,37.67919922,27.70999908,53.71500015,107.8583832,77.13999939,99.36000061,20.6444397,88.53578186,115.6467743,112.9365387,26.57606697,152.3039856,236.0630951,24.56163406,79.09999847,31.90999985,109.0190353,94.89713287,71.87398529,38.18041992,215.8399963,29.9256382,50.02843094,47.20196152,55.34298325,87.5916214,29.17926407,152.4152222,82.70446014,55.5899086,33.31032562,45.03609085,113.3799973,62.88999939,38.99355316,76.38043213,82.0577774,82.16127777,136.2143402,134.0299988,56.23034668,72.16751099,114.419075,66.70999908,121.2099991,27.43036842,10.1086874,32.08224106,182.5875397,94.80780029,40.52999878,16.22460365,37.61301804,61.25614166,20.65573883,57.9573822,820.1900024,218.8777161,19.12864494,49.89171982,64.87891388,69.79423523,64.02030945,117.9202347,151.0269775,24.05999947,112.4618912,76.06522369,154.9415588,98.0242691,130.3200073,65.21118927,51.76738739,99.93087006,186.172348,82.62709045,34.37582016,73.07816315
2/28/17,57.0525589,40.79593277,163.688858,24.48130989,66.19882965,60.36575699,32.0098114,45.3602829,75.80923462,15.76974964,476.2200012,83.61039734,18.87166405,69.14595795,55.97320557,12.64194584,163.0138092,129.5709381,53.36123276,41.84999847,87.48193359,12.98687458,38.03269958,28.06999969,57.70000076,116.0327682,82.87999725,103.2099991,21.1627121,97.01282501,131.1177826,126.2543488,28.77135658,165.0375519,232.8710175,27.62144279,81.34999847,31.57999992,111.8726883,100.9322205,75.35593414,40.54111099,226.3600006,31.67788506,47.91619492,46.29406738,57.43758392,89.90232849,29.62754631,169.5391235,87.06121826,53.71260071,33.82304382,51.95273972,118.3399963,71.44000244,40.42866516,74.73377228,88.53755951,80.3730545,145.6537323,143.2700043,55.85925293,73.78834534,122.0803375,64.54000092,133.1000061,25.03973961,10.17937851,32.2837944,186.3240204,96.33803558,40.58000183,16.24422073,34.53142166,60.98883057,21.05962753,56.05882645,844.9299927,237.3832092,18.32641792,52.78345108,67.06664276,70.79206085,65.10572052,115.4472046,156.2696533,24.54999924,114.3022003,80.54946899,158.0767212,101.277916,135.5399933,71.34933472,53.55445862,108.1017761,209.7270355,74.12424469,36.04667282,76.59907532
3/31/17,57.56435394,45.77693558,159.7996521,24.7053299,67.76677704,58.65066528,30.85992241,47.94607925,75.8835144,16.53911209,478.9100037,85.33712769,19.25246048,69.08837128,52.15149307,13.03106785,151.507843,125.6656418,50.11070251,38.99000168,85.07972717,12.94810867,38.80730438,28.30999947,57.65499878,113.5510712,82.88999939,107.9899979,22.6919632,101.2743301,137.5018463,132.0687256,28.23017502,156.1979218,218.5959778,24.94151497,82.48999786,29.27000046,114.8133774,102.988121,73.36513519,42.46393204,229.4900055,32.46450424,58.04898834,47.48461914,57.11754608,92.23828888,29.54792976,166.3690033,84.19754791,52.50257492,32.01242828,49.81819916,130.1300049,72.12999725,40.04537201,82.06465149,81.74584198,81.06288147,144.094696,142.5700073,57.2413063,71.88365936,119.6294022,59.22000122,133.6699982,26.20895767,9.878947258,31.30388069,188.8106689,96.65044403,42.54999924,18.34341621,32.56822586,62.78093338,22.99249649,54.82999039,847.7999878,219.8325958,20.92129898,52.76478577,66.87716675,74.43238831,67.62245178,122.6446762,152.3695679,24.87000084,122.5641937,77.44424438,157.3515778,102.1191559,142.0500031,71.71392822,54.98583221,108.7521057,192.7294617,76.73387146,36.16537476,75.69015503
4/30/17,57.56435394,45.77693558,159.7996521,24.7053299,67.76677704,58.65066528,30.85992241,47.94607925,75.8835144,16.53911209,478.9100037,85.33712769,19.25246048,69.08837128,52.15149307,13.03106785,151.507843,125.6656418,50.11070251,38.99000168,85.07972717,12.94810867,38.80730438,28.30999947,57.65499878,113.5510712,82.88999939,107.9899979,22.6919632,101.2743301,137.5018463,132.0687256,28.23017502,156.1979218,218.5959778,24.94151497,82.48999786,29.27000046,114.8133774,102.988121,73.36513519,42.46393204,229.4900055,32.46450424,58.04898834,47.48461914,57.11754608,92.23828888,29.54792976,166.3690033,84.19754791,52.50257492,32.01242828,49.81819916,130.1300049,72.12999725,40.04537201,82.06465149,81.74584198,81.06288147,144.094696,142.5700073,57.2413063,71.88365936,119.6294022,59.22000122,133.6699982,26.20895767,9.878947258,31.30388069,188.8106689,96.65044403,42.54999924,18.34341621,32.56822586,62.78093338,22.99249649,54.82999039,847.7999878,219.8325958,20.92129898,52.76478577,66.87716675,74.43238831,67.62245178,122.6446762,152.3695679,24.87000084,122.5641937,77.44424438,157.3515778,102.1191559,142.0500031,71.71392822,54.98583221,108.7521057,192.7294617,76.73387146,36.16537476,75.69015503
5/31/17,64.66293335,55.31418228,150.1594543,25.88984489,74.39112854,60.09985352,31.97410774,46.92557907,79.3875885,15.94526386,582.8099976,91.842453,16.71330452,68.58335876,58.292099,13.22412014,144.390274,133.8117371,50.61867523,38.97999954,85.27306366,11.13575935,41.57794189,25.82999992,62.63999939,119.1219254,81.76999664,119.5999985,21.84402466,108.9053802,146.8152466,132.5030212,26.26697922,175.3650208,162.8821106,19.77481842,89.63999939,31.48999977,127.0150833,108.3397903,69.52658844,43.39255905,239.3000031,34.65253448,62.87041855,43.03678894,59.75217438,104.0381393,28.92665672,177.8513489,87.67950439,50.90235901,25.17303467,49.78287506,141.8600006,74.87000275,40.87490845,79.54237366,73.28446198,71.57785034,155.7824707,128.1300049,65.24133301,70.80685425,132.7400665,62.83000183,129.3300018,30.34117126,10.43006897,30.03791809,187.5432587,96.63156891,43.31000137,15.78115559,27.30019569,66.95646667,21.38242149,50.99638367,987.0900269,202.8477478,23.8817749,53.30702209,64.85059357,76.68833923,71.12150574,140.0377808,171.4058533,27.03000069,121.9249191,75.88620758,168.0680695,108.3399506,151.4600067,73.47953033,60.14825439,115.3621292,189.0442505,63.74119568,38.1640892,73.91620636
6/30/17,64.1709671,53.71529007,161.8813477,24.7767868,71.62749481,59.59332275,30.37112045,50.66065598,83.59810638,16.36746788,588.539978,91.36412811,17.06965828,75.11373138,60.38079453,13.65848923,160.1928711,133.7602386,47.9936676,38.81999969,86.03235626,11.63972855,41.34851456,25.20999908,61.16999817,118.3658829,76.31999969,123.5100021,23.72751617,101.4704971,138.4153748,133.1035614,26.19511223,155.4404907,170.6820679,19.88719368,86.59999847,32.95000076,128.9943695,107.0605087,77.38573456,47.93353653,241.6900024,33.90282822,61.09221268,45.18516541,60.88246155,103.1411057,28.92660332,187.4439392,90.31647491,49.70022202,27.9575386,51.41616821,141.4400024,72.93000031,40.73067474,83.01267242,78.715065,75.86604309,154.1456757,127.0599976,60.7067337,74.15226746,131.5106049,63.06000137,125.9100037,30.03153992,9.921067238,31.26831055,210.7697601,97.26435089,45.38000107,16.92101669,26.92908669,66.08404541,24.16724396,52.45650482,929.6799927,213.0640564,28.03755951,54.16327667,67.50137329,71.51937866,71.5351181,145.0732269,173.2222595,27.71999931,122.079895,73.34793091,178.6269684,100.9149017,150.9799957,70.92141724,55.13670349,118.5079193,179.7276459,69.86129761,36.96771622,80.9292984
7/31/17,65.55944061,54.66160965,181.3723145,25.50977707,75.70670319,59.39805984,34.85317993,54.6976738,79.50740051,16.7168541,573.0800171,91.72893524,18.31365776,74.39028931,53.93849182,14.18938446,162.3134918,132.9093628,52.01378632,38.99000168,78.77024841,14.16926289,42.26122665,23.12999916,64.25,123.2850342,77.08000183,128.3200073,23.62111473,111.334877,142.9420776,140.8716431,28.66550064,154.0603638,157.6443329,20.32361794,90.80000305,34.56000137,134.4151306,108.0987701,80.25080872,47.91282272,248.9900055,33.61344528,63.87710571,49.00545883,62.94484711,106.7670441,30.66927147,229.8238068,89.63812256,50.38389969,28.42631149,52.87147141,146.4900055,76.56999969,44.94221497,86.78338623,82.10681915,80.99030304,163.9683228,120.75,61.37416077,74.14284515,137.1040039,66.25,133.2899933,31.60558319,9.983578682,32.20824051,201.750473,112.8802032,44.20999908,24.22205544,27.50953674,69.69838715,23.96488953,54.2614212,945.5,216.3574829,27.66566086,55.62024689,70.97660065,76.11753082,71.92114258,152.3974762,174.2746582,26.62000084,130.6130981,75.55838776,184.7828827,98.97875214,169.25,71.36586761,51.04233932,128.1985168,198.988327,71.61256409,37.58872604,82.18945313
8/31/17,71.09661102,50.83885574,172.6427307,27.05493546,74.35429382,59.37945938,35.95025635,55.29575729,76.33544159,16.23308563,605.0900269,98.89723206,17.32760239,75.19146729,50.78245926,13.22412014,166.4608002,135.9200592,50.61351013,31.47999954,76.82254791,14.32432938,41.99386978,21.01000023,61.85499954,125.141655,71.88999939,120.5899963,24.97531319,111.777153,158.2367859,138.3743896,29.59819031,152.8271637,154.8954468,17.7735424,95.48999786,34.65000153,135.3782043,108.0337448,75.55287933,48.29666519,253.1199951,34.41146851,72.10636902,47.557724,62.10325241,117.5221176,33.18645477,228.5246887,77.0242691,48.21140289,29.01172638,56.19800186,155.1600037,80.41999817,44.76615143,84.33338165,76.20296478,81.43981171,173.7432098,119.3799973,63.29351044,71.74035645,142.1782074,67.15000153,137.4100037,31.63437462,9.965522766,32.70953751,207.9088287,101.0710144,38.59999847,24.50736809,22.69919586,72.06483459,24.67075729,52.30754471,955.2399902,215.5645142,24.25507545,55.1487999,71.59151459,77.46443176,66.49330139,144.7980957,185.8016663,27.54999924,130.7680664,76.71405029,191.6131439,99.21618652,171.9700012,73.21833038,52.10861969,130.9179688,207.1654816,83.1993103,39.63835144,83.02841187
9/30/17,71.09661102,50.83885574,172.6427307,27.05493546,74.35429382,59.37945938,35.95025635,55.29575729,76.33544159,16.23308563,605.0900269,98.89723206,17.32760239,75.19146729,50.78245926,13.22412014,166.4608002,135.9200592,50.61351013,31.47999954,76.82254791,14.32432938,41.99386978,21.01000023,61.85499954,125.141655,71.88999939,120.5899963,24.97531319,111.777153,158.2367859,138.3743896,29.59819031,152.8271637,154.8954468,17.7735424,95.48999786,34.65000153,135.3782043,108.0337448,75.55287933,48.29666519,253.1199951,34.41146851,72.10636902,47.557724,62.10325241,117.5221176,33.18645477,228.5246887,77.0242691,48.21140289,29.01172638,56.19800186,155.1600037,80.41999817,44.76615143,84.33338165,76.20296478,81.43981171,173.7432098,119.3799973,63.29351044,71.74035645,142.1782074,67.15000153,137.4100037,31.63437462,9.965522766,32.70953751,207.9088287,101.0710144,38.59999847,24.50736809,22.69919586,72.06483459,24.67075729,52.30754471,955.2399902,215.5645142,24.25507545,55.1487999,71.59151459,77.46443176,66.49330139,144.7980957,185.8016663,27.54999924,130.7680664,76.71405029,191.6131439,99.21618652,171.9700012,73.21833038,52.10861969,130.9179688,207.1654816,83.1993103,39.63835144,83.02841187
10/31/17,76.73799896,52.75645828,182.2280273,27.01839447,83.15450287,51.59529114,33.97257614,62.12649155,76.69396973,17.71422577,682.6300049,98.54898071,16.34732056,81.58827209,52.45767975,13.51619244,164.072998,150.9308472,54.79957962,35.70999908,82.4835434,13.54899216,42.72759247,17.80999947,64.71499634,137.5628357,70.84999847,125.3099976,29.34148979,135.8034363,163.0996704,105.4100571,29.93432617,157.0588074,188.3670197,16.32561493,102.3399963,37.68999863,139.8832092,102.8995056,81.99793243,49.03630066,261.7600098,33.27416611,77.82926941,47.65431595,62.68000412,117.4806595,34.14770508,245.9934692,73.85691833,47.44472504,30.73603249,57.64169312,175.1600037,86.51999664,50.85266113,87.12570953,88.23499298,94.00671387,172.7494507,121.2699966,71.11540222,63.98649979,146.4857941,75.09999847,113.25,30.18681908,9.703848839,39.26729584,219.5074768,110.9498749,37.84999847,24.62545204,26.61449623,80.170578,26.74677086,57.28759766,1033.040039,233.6197357,22.64927864,60.32078171,65.80818176,91.01629639,74.14705658,121.667099,192.594696,28.13999939,144.3572388,62.37838745,203.2869873,100.407692,180.0599976,73.51911163,52.08962631,139.1034698,225.4362183,85.13434601,40.41156769,92.46796417
11/30/17,80.61180115,56.17742538,194.3287201,27.65818787,92.60238647,51.76387787,34.75236511,65.07894897,78.2274704,17.9225235,629.210022,103.9973373,15.55296898,83.1233902,59.09037018,15.94716263,165.609375,154.3484039,56.17443848,36.52999878,86.91481781,13.49084377,42.88115311,18.07999992,65.72499847,143.0224304,66.30999756,120.8899994,33.12686157,129.4706116,166.4070129,111.2312164,31.36013031,180.3594971,212.1804199,20.71159744,104.3199997,39.41999817,136.7526093,109.5258255,85.4024353,47.26367188,282.6099854,32.48571777,79.12000275,46.21863556,62.26996994,117.5850754,34.89041519,265.3578796,81.79762268,51.68478394,33.9705658,59.07198334,181.4700012,90.37999725,53.87475967,90.56108093,88.46430969,95.0690918,183.2467041,134.1999969,76.46665192,71.52146912,150.2362976,68.91000366,98.98999786,32.85404205,9.76847744,39.36779404,224.9997711,109.2320938,41.72000122,27.23575211,25.20572662,81.5321579,28.00240326,62.54880142,1036.170044,239.3409576,23.96759224,63.07234955,70.55592346,91.58107758,72.60593414,119.853447,191.5315399,26.28000069,154.1626282,68.88350677,221.3899689,105.5282288,177.1799927,74.73292542,55.21111679,148.6798401,234.7096405,90.57958984,42.13976669,94.58798981
12/31/17,80.61180115,56.17742538,194.3287201,27.65818787,92.60238647,51.76387787,34.75236511,65.07894897,78.2274704,17.9225235,629.210022,103.9973373,15.55296898,83.1233902,59.09037018,15.94716263,165.609375,154.3484039,56.17443848,36.52999878,86.91481781,13.49084377,42.88115311,18.07999992,65.72499847,143.0224304,66.30999756,120.8899994,33.12686157,129.4706116,166.4070129,111.2312164,31.36013031,180.3594971,212.1804199,20.71159744,104.3199997,39.41999817,136.7526093,109.5258255,85.4024353,47.26367188,282.6099854,32.48571777,79.12000275,46.21863556,62.26996994,117.5850754,34.89041519,265.3578796,81.79762268,51.68478394,33.9705658,59.07198334,181.4700012,90.37999725,53.87475967,90.56108093,88.46430969,95.0690918,183.2467041,134.1999969,76.46665192,71.52146912,150.2362976,68.91000366,98.98999786,32.85404205,9.76847744,39.36779404,224.9997711,109.2320938,41.72000122,27.23575211,25.20572662,81.5321579,28.00240326,62.54880142,1036.170044,239.3409576,23.96759224,63.07234955,70.55592346,91.58107758,72.60593414,119.853447,191.5315399,26.28000069,154.1626282,68.88350677,221.3899689,105.5282288,177.1799927,74.73292542,55.21111679,148.6798401,234.7096405,90.57958984,42.13976669,94.58798981
1/31/18,83.65775299,69.23270416,195.2677307,25.9716053,102.0614777,55.96341324,38.13926315,72.87200928,82.27169037,18.98946953,675.2600098,104.7734604,16.3391304,98.10313416,59.33715439,16.96817017,175.4049072,160.3194427,70.54158783,42.84999847,97.99768066,18.89881325,44.58627701,23.86000061,70.41999817,155.2848206,75.36000061,138.7400055,30.97621727,107.8264694,162.1270142,121.7675781,30.22110558,190.5690918,258.5358582,22.91753769,113.9100037,42.02999878,139.0074158,113.0789261,93.48868561,49.89457321,281.0599976,28.55193138,76.70083618,53.09156418,57.86845398,127.3675766,30.37022781,339.721344,96.11846924,53.88762283,37.55787277,58.90442657,199.7599945,92.61000061,54.43595505,96.24207306,99.96468353,109.7654037,201.1551361,144.5399933,84.44259644,73.92952728,150.5975647,71.37000275,90.29000092,35.21377945,10.79417706,39.09902954,255.6882324,118.6279678,42.70000076,25.64981651,29.25014496,92.03245544,25.54202652,67.26081848,1182.219971,258.9123535,24.52197075,65.45802307,73.09475708,103.8059616,78.38415527,125.2444077,222.856308,27.95999908,164.9434204,71.25030518,229.7440948,104.9574585,186.8899994,58.04561615,54.24669266,158.4436035,230.6985321,109.3484802,37.45037079,96.56348419
2/28/18,86.17044067,68.64519501,185.5140076,25.19129372,86.17780304,51.21242142,35.96444702,66.97148132,76.52445984,16.97710037,616.2199707,102.2556229,14.72157764,93.07300568,56.4483757,15.94716263,174.5650482,153.1018677,71.30376434,40.31999969,86.48127747,18.02655983,40.49209976,22.97999954,71.69499969,155.5843658,62.66999817,113.4100037,27.31707573,97.04286194,173.1816559,110.1395569,30.03974342,187.1862488,252.0077515,25.97320938,116.25,39.47999954,137.1985931,103.1434021,89.91944885,49.0048027,239.8800049,25.66717529,65.90914917,50.80951309,52.8151741,120.7393036,27.27511787,348.951355,92.12787628,46.57239151,34.57458878,62.29191971,209.1300049,84.66999817,47.65047073,102.7156219,94.57852173,99.12227631,209.405838,148.5200043,79.65110779,63.63257599,145.671936,61.91999817,85.16000366,33.06906891,10.14988804,36.27792358,240.0340271,110.6541824,38.83000183,25.50189209,28.70171928,91.25797272,23.4191761,58.8543396,1103.920044,254.8318939,23.40397644,66.21495056,70.89905548,102.5565414,75.3316803,102.8978577,207.4131927,27.26000023,167.1074371,65.60394287,219.4396973,94.10584259,178.3200073,56.24473953,54.81933975,163.8600922,255.1419525,101.2461014,36.41400909,94.72742462
3/31/18,86.17044067,68.64519501,185.5140076,25.19129372,86.17780304,51.21242142,35.96444702,66.97148132,76.52445984,16.97710037,616.2199707,102.2556229,14.72157764,93.07300568,56.4483757,15.94716263,174.5650482,153.1018677,71.30376434,40.31999969,86.48127747,18.02655983,40.49209976,22.97999954,71.69499969,155.5843658,62.66999817,113.4100037,27.31707573,97.04286194,173.1816559,110.1395569,30.03974342,187.1862488,252.0077515,25.97320938,116.25,39.47999954,137.1985931,103.1434021,89.91944885,49.0048027,239.8800049,25.66717529,65.90914917,50.80951309,52.8151741,120.7393036,27.27511787,348.951355,92.12787628,46.57239151,34.57458878,62.29191971,209.1300049,84.66999817,47.65047073,102.7156219,94.57852173,99.12227631,209.405838,148.5200043,79.65110779,63.63257599,145.671936,61.91999817,85.16000366,33.06906891,10.14988804,36.27792358,240.0340271,110.6541824,38.83000183,25.50189209,28.70171928,91.25797272,23.4191761,58.8543396,1103.920044,254.8318939,23.40397644,66.21495056,70.89905548,102.5565414,75.3316803,102.8978577,207.4131927,27.26000023,167.1074371,65.60394287,219.4396973,94.10584259,178.3200073,56.24473953,54.81933975,163.8600922,255.1419525,101.2461014,36.41400909,94.72742462
4/30/18,86.78114319,72.98988342,161.5115967,23.58947945,85.1987381,56.09073639,37.12444305,73.11548615,77.19800568,18.08918381,559.9299927,94.60356903,14.55573368,92.45753479,51.66955185,15.89564037,165.7404022,155.6123047,68.64678192,38.75999832,83.82511902,14.78217983,40.84009171,22.21999931,70.86000061,147.3942108,58.70999908,121.2900009,29.63591194,93.99520111,160.6781769,109.5668716,31.96310234,193.3244781,271.0854492,27.79104233,120.9899979,31.02000046,139.6881714,95.58222961,87.29723358,44.35199738,209.8800049,26.46314812,67.12856293,55.04606628,58.49100113,103.6942215,29.95497513,321.3500977,87.69379425,40.73725128,31.51522636,49.36605835,221.6000061,85.51000214,47.51453781,106.7849808,87.51869965,97.74555206,198.0953064,163.0899963,77.87319183,66.10741425,156.9312439,62.5,61.93999863,30.45922279,11.55111313,34.21620941,241.3053436,113.9256668,38.79000092,30.59984779,32.55042267,91.01467133,23.17684364,70.14385223,1018.580017,230.9895782,25.77093315,67.45826721,67.33449554,96.00654602,70.6132431,112.9644928,209.3387146,28.71999931,166.7549133,63.28033447,230.1348572,88.05303192,172,61.40950394,55.27056503,159.2647705,236.8347931,105.5636902,40.78401184,96.29218292
5/31/18,77.56075287,65.09290314,156.3125153,24.5964241,79.99781799,56.71957779,36.78428268,73.37767029,83.16151428,20.00353241,550.7399902,97.67980194,15.3470068,100.799736,49.95798874,15.1130867,171.9398346,154.7685089,69.51217651,38.45999908,86.16941833,16.42464256,40.64160538,19.77000046,72.59999847,151.8199463,63.5,132.7400055,29.52853584,90.61192322,182.3896332,111.8112717,32.32515717,194.9502869,299.0720215,31.22579002,129.3300018,31.77000046,137.1389008,95.80191803,93.92111969,45.37170029,204.0399933,24.84443855,73.32531738,62.30389404,60.65207291,100.6176224,29.38129997,340.9617004,79.87129974,39.38679504,33.05672073,49.83007813,249.2799988,88.06999969,47.52250671,104.364006,91.17656708,103.6530075,202.5029907,173.1100006,79.86485291,60.01072693,158.750351,68.91999817,68.26999664,30.48830605,12.03240967,39.7667923,243.1795502,125.4455948,37.88999939,33.7881546,34.46646118,96.60909271,22.206604,76.44463348,1100,219.6971741,25.58452797,64.27591705,66.40595245,106.5639267,72.73117828,119.0503159,207.2687073,30.38999939,178.4561615,59.77771759,235.109436,86.85197449,191.7799988,58.2603035,54.69100952,167.9140167,215.9741364,129.3287354,39.33117676,95.85339355
6/30/18,77.56075287,65.09290314,156.3125153,24.5964241,79.99781799,56.71957779,36.78428268,73.37767029,83.16151428,20.00353241,550.7399902,97.67980194,15.3470068,100.799736,49.95798874,15.1130867,171.9398346,154.7685089,69.51217651,38.45999908,86.16941833,16.42464256,40.64160538,19.77000046,72.59999847,151.8199463,63.5,132.7400055,29.52853584,90.61192322,182.3896332,111.8112717,32.32515717,194.9502869,299.0720215,31.22579002,129.3300018,31.77000046,137.1389008,95.80191803,93.92111969,45.37170029,204.0399933,24.84443855,73.32531738,62.30389404,60.65207291,100.6176224,29.38129997,340.9617004,79.87129974,39.38679504,33.05672073,49.83007813,249.2799988,88.06999969,47.52250671,104.364006,91.17656708,103.6530075,202.5029907,173.1100006,79.86485291,60.01072693,158.750351,68.91999817,68.26999664,30.48830605,12.03240967,39.7667923,243.1795502,125.4455948,37.88999939,33.7881546,34.46646118,96.60909271,22.206604,76.44463348,1100,219.6971741,25.58452797,64.27591705,66.40595245,106.5639267,72.73117828,119.0503159,207.2687073,30.38999939,178.4561615,59.77771759,235.109436,86.85197449,191.7799988,58.2603035,54.69100952,167.9140167,215.9741364,129.3287354,39.33117676,95.85339355
7/31/18,82.67260742,71.99680328,157.048645,26.8085022,86.48177338,63.24529648,34.78462219,83.72770691,87.4369278,19.55117607,592.5100098,105.036026,16.54395103,103.7116623,57.05922318,14.96635818,188.1459503,158.5325928,76.94116211,37.31000137,93.06948853,16.08208084,44.46503448,24.54999924,75.48000336,155.3195801,69.86000061,135.4299927,27.89222717,91.64558411,185.7276459,123.1336899,33.27369308,215.0805969,335.4360962,35.89021301,137.1499939,33.52000046,141.1407928,109.8974686,89.38314819,46.48561096,188.3600006,26.58770943,75.83714294,64.38800049,62.55432892,108.6955566,31.52222824,344.9700623,79.56987762,43.36981201,27.62522125,56.03785324,244.6799927,89.43000031,44.83366013,118.4791565,91.48696899,103.2948303,192.2613525,171.3800049,77.83631897,61.86866379,161.5059662,74.68000031,66.54000092,30.52685928,12.6080761,35.61390305,240.641037,130.9043732,42.90999985,31.29141045,34.84298706,103.6856842,22.83830452,76.88406372,1227.219971,230.931015,23.69626999,69.19262695,72.95886993,106.5890198,78.9899826,131.6507721,233.5859833,33.61000061,200.2234039,64.78874969,247.381073,94.73270416,172.5800018,63.05078125,50.56047821,168.4554443,227.6779938,130.3558044,41.12384033,97.39141083
8/31/18,88.86766815,76.34365082,143.6633759,26.41962814,93.44718933,65.85691071,29.42657661,83.78227997,93.4256134,20.10204124,584.460022,108.068718,16.46951103,109.6061859,60.29633331,13.30342865,192.5683899,160.5797729,84.10103607,39.13000107,95.49878693,13.69413757,42.5006752,25.63999939,80.06999969,164.8144073,61.68999863,149.7599945,27.36355782,92.92978668,222.9515839,131.826828,35.45421982,229.8304138,344.0355835,33.01755142,152.6799927,34.52000046,143.5174408,107.0401382,90.79820251,47.36307144,191.5899963,27.48413277,72.09928131,60.98164749,64.77236176,118.1615982,32.41106033,333.529541,87.86965179,43.32273102,30.44654846,57.75475311,263.5100098,102.1399994,42.80514526,125.3749924,96.51681519,105.1502075,193.6302795,189.1199951,76.95734406,71.76994324,165.0478973,78.05000305,73.91000366,28.21082687,12.82623768,33.86655426,238.7618713,142.3084564,39.75999832,34.96694183,28.78144646,110.2171326,23.21758842,73.16490173,1231.800049,232.0666351,25.48573494,69.9587326,73.96214294,107.6231155,79.59928894,128.6785431,238.137619,35.56000137,208.9283447,66.1071701,262.2696533,97.6646347,175.7299957,62.19913483,51.94258118,175.6986084,239.5334015,128.2601318,40.9994278,103.7132568
9/30/18,88.86766815,76.34365082,143.6633759,26.41962814,93.44718933,65.85691071,29.42657661,83.78227997,93.4256134,20.10204124,584.460022,108.068718,16.46951103,109.6061859,60.29633331,13.30342865,192.5683899,160.5797729,84.10103607,39.13000107,95.49878693,13.69413757,42.5006752,25.63999939,80.06999969,164.8144073,61.68999863,149.7599945,27.36355782,92.92978668,222.9515839,131.826828,35.45421982,229.8304138,344.0355835,33.01755142,152.6799927,34.52000046,143.5174408,107.0401382,90.79820251,47.36307144,191.5899963,27.48413277,72.09928131,60.98164749,64.77236176,118.1615982,32.41106033,333.529541,87.86965179,43.32273102,30.44654846,57.75475311,263.5100098,102.1399994,42.80514526,125.3749924,96.51681519,105.1502075,193.6302795,189.1199951,76.95734406,71.76994324,165.0478973,78.05000305,73.91000366,28.21082687,12.82623768,33.86655426,238.7618713,142.3084564,39.75999832,34.96694183,28.78144646,110.2171326,23.21758842,73.16490173,1231.800049,232.0666351,25.48573494,69.9587326,73.96214294,107.6231155,79.59928894,128.6785431,238.137619,35.56000137,208.9283447,66.1071701,262.2696533,97.6646347,175.7299957,62.19913483,51.94258118,175.6986084,239.5334015,128.2601318,40.9994278,103.7132568
10/31/18,71.20167542,67.71237946,111.7720795,25.67808914,97.75592804,71.15911865,29.46146584,75.77589417,87.48067474,18.01394463,546.8200073,104.0286255,16.03157616,104.2050781,48.29608154,13.1498642,185.8027954,150.0291138,80.38137054,31.25,94.32457733,11.39800072,46.04534912,29.30999947,79.30000305,155.0569611,49.97000122,147.5200043,24.1348629,96.85569,214.3618469,99.81723022,35.359375,225.3941193,275.9222717,31.30067635,137.2400055,27.27000046,154.3775177,108.2820206,75.08502197,47.80827332,124.7300034,28.47160149,66.0219574,60.6948204,62.60270691,101.4963531,27.93366432,345.273468,85.94564056,41.70214081,27.76432991,48.51662445,245.7599945,89.52999878,38.54126358,120.2059784,86.98104858,83.97529602,170.6568756,175.2799988,70.56240845,69.52864838,167.3766327,67.91000366,64.81999969,26.07881927,14.01645374,34.74800873,216.2248688,140.3776093,38.99000168,35.78742599,24.06523895,104.8009644,23.60731125,62.0635376,1090.579956,219.9270477,25.24104691,72.17463684,76.38263702,89.65029907,68.6177597,123.679306,232.8717651,36.13999939,178.0840607,76.91613007,256.1850891,104.1063156,151.7899933,66.26256561,56.62664413,143.5829163,214.0682068,125.7415695,41.45168686,100.895607
11/30/18,61.63056564,62.336689,109.5584412,26.89323044,95.19213104,76.69832611,30.81448364,74.32219696,94.98987579,17.91025352,636.6599731,109.9217453,16.07867241,110.368988,53.71586227,13.20900822,202.1039276,156.3665771,68.76932526,33.86000061,99.9019928,11.68172741,48.85206604,27.93000031,79.12999725,161.8447876,48.06999969,153.1900024,26.05033302,94.02479553,175.519989,101.4195938,36.22901917,228.5485687,306.5484314,31.23678207,142.7599945,27.84000015,163.2044678,117.4934158,78.06139374,47.72996521,128.0599976,28.64955139,69.96230316,57.59646606,68.6644516,109.5788498,30.99988747,338.9502869,87.21595001,40.28350449,25.15579796,51.31972122,250.8899994,91.94000244,38.87537766,128.7290802,87.73880005,87.77568054,170.9493561,171.9700012,75.04936981,77.02993774,177.4191437,66.06999969,64.25,26.35251045,14.89128017,36.03955078,224.7231445,143.6317749,44.40999985,38.00251007,23.08711052,109.2742615,24.57961273,65.02466583,1109.650024,186.8381958,25.91748238,75.15876007,79.38394165,96.42984009,74.34799957,119.4163208,248.7188416,37.66999817,185.5765686,82.08174896,276.6809082,105.9295197,140.6100006,52.82670212,65.1864624,157.4632416,212.0005341,108.0750809,43.77598953,110.2652435
12/31/18,52.13723755,51.49493408,96.07069397,27.10445976,91.30091858,74.38368225,33.29081345,65.66993713,89.09342194,15.90275955,565.5800171,104.9457779,14.48681736,112.422554,45.85391617,11.38537693,188.9247284,156.6417542,64.04965973,27.39999962,93.14393616,10.08698559,45.89573288,23.07999992,73.48999786,138.7170563,36.68999863,127.8399963,25.6398468,75.51846313,155.0371094,91.99578094,35.96086884,201.3041992,275.624115,27.50611877,136.9700012,23.72999954,143.6823883,107.2965698,72.85274506,44.19622803,116.9599991,26.8926487,62.93343353,50.5832634,64.13746643,95.40375519,30.10253716,315.2367249,72.9906311,37.07491302,22.71574211,49.89897156,226.2400055,84.23999786,34.12154007,113.3263626,73.95378876,79.12448883,150.3629913,162.0299988,71.33366394,62.93019104,169.7154694,62.72999954,63.59000015,23.81758308,13.90109158,32.10009384,158.7968903,128.477829,41.09999847,39.15949631,18.24407196,100.0900574,21.83443451,57.46208191,1044.959961,163.675705,24.34381866,72.26158905,75.71707153,91.26309967,66.34693909,111.3688889,223.2017212,35.34000015,166.3731842,66.24124908,244.9770966,104.8340378,131.0899963,54.80021286,62.91978073,138.6254578,187.219574,100.9913101,40.7476387,93.61791992
1/31/19,62.87455368,57.60120773,103.4751434,29.68720818,93.92773438,72.45619965,32.77198792,77.48021698,86.57616425,17.22878456,638.1599731,113.0898666,17.23988152,93.96025085,55.99544525,12.74570751,181.5878296,160.8893433,70.74634552,29.95000076,96.8301239,11.43751717,46.65177917,26.64999962,82.93000031,151.0531464,44.08000183,135.8899994,27.43532562,79.1047821,163.5879974,105.7166061,37.54104233,212.0952148,288.3432922,24.29183769,151.9700012,26.21999931,154.8277893,109.4234695,79.17707062,49.3635788,128.7899933,29.7309494,67.90276337,61.04089737,70.50166321,117.1205826,34.55150604,376.9351196,81.79070282,42.82214355,29.08699989,47.76699829,247.8200073,93.34999847,40.171875,115.1685104,78.84555817,82.74960327,161.5507507,160.9499969,73.99626923,63.43881989,174.7536011,58.77999878,80.58999634,28.90312004,15.88963795,37.4453125,174.7819214,137.0221252,44.40000153,40.4851532,21.72561264,102.9083939,24.44232559,62.5173912,1125.890015,194.0103302,22.63581467,73.25188446,79.33568573,97.9757843,73.68123627,117.8938217,245.0242157,38.15000153,185.705307,70.05110168,265.706543,103.7776642,166.6900024,54.99327469,66.57382202,156.908905,203.0974731,113.3687515,43.24539566,101.2789459
2/28/19,64.58074188,66.93563843,108.3963699,29.20735931,97.0249939,79.13426971,32.78159332,80.41667175,88.64286804,18.70744514,680.9099731,114.7225571,18.2495079,101.5227051,55.28514862,13.12029171,185.8965149,177.3217926,71.02148438,26.38999939,105.5217514,12.67559719,43.94747162,27.25,84.69000244,158.7558289,44.58000183,142.3000031,26.63623619,89.45218658,170.9129181,108.1762924,39.41254044,216.7405396,298.8406372,22.89713478,163.6499939,27.70000076,169.9904633,113.2185822,81.22289276,51.23080826,136.1199951,30.53782272,76.15660095,61.08843231,71.59960175,115.5888901,32.89823914,432.2117615,82.10191345,45.41421127,31.7977562,49.98264313,262.5,101.6800003,40.05162048,140.9880676,82.18682098,81.36995697,182.8672943,168.1399994,82.7088623,55.967453,184.5125427,62.09999847,86.23000336,26.26217651,16.70399475,37.88674927,178.1580811,149.9463348,47.15000153,41.24715424,21.65394211,110.869133,24.11904144,61.92760086,1126.550049,193.5050812,23.17316628,79.13578796,84.91030884,102.9388046,77.0826416,121.9076538,258.8877258,40.11999893,204.6115875,69.43562317,238.1918488,108.9682541,161.4499969,57.8119545,69.0033493,171.875061,206.8148346,122.1832733,44.60684586,106.2492065
3/31/19,64.58074188,66.93563843,108.3963699,29.20735931,97.0249939,79.13426971,32.78159332,80.41667175,88.64286804,18.70744514,680.9099731,114.7225571,18.2495079,101.5227051,55.28514862,13.12029171,185.8965149,177.3217926,71.02148438,26.38999939,105.5217514,12.67559719,43.94747162,27.25,84.69000244,158.7558289,44.58000183,142.3000031,26.63623619,89.45218658,170.9129181,108.1762924,39.41254044,216.7405396,298.8406372,22.89713478,163.6499939,27.70000076,169.9904633,113.2185822,81.22289276,51.23080826,136.1199951,30.53782272,76.15660095,61.08843231,71.59960175,115.5888901,32.89823914,432.2117615,82.10191345,45.41421127,31.7977562,49.98264313,262.5,101.6800003,40.05162048,140.9880676,82.18682098,81.36995697,182.8672943,168.1399994,82.7088623,55.967453,184.5125427,62.09999847,86.23000336,26.26217651,16.70399475,37.88674927,178.1580811,149.9463348,47.15000153,41.24715424,21.65394211,110.869133,24.11904144,61.92760086,1126.550049,193.5050812,23.17316628,79.13578796,84.91030884,102.9388046,77.0826416,121.9076538,258.8877258,40.11999893,204.6115875,69.43562317,238.1918488,108.9682541,161.4499969,57.8119545,69.0033493,171.875061,206.8148346,122.1832733,44.60684586,106.2492065
4/30/19,64.65377808,72.8702774,109.6918564,30.0407486,101.3409424,77.14263916,30.71038818,87.46104431,87.46434021,18.54973602,745.2600098,122.6175995,19.16257858,103.5842819,53.65901947,12.40532207,175.3733521,202.6438141,75.69497681,26.98999977,100.1772308,12.1411314,47.96834946,28.76000023,87.23999786,181.1880493,58.38999939,158.9700012,31.16069984,73.86421967,198.0773621,124.8647766,40.65052795,243.2856445,276.5136414,22.09021187,165.3500061,30.10000038,178.9641571,125.3687286,90.44984436,54.619133,136.25,30.00906372,77.9799881,65.38808441,74.81989288,118.6846085,30.69937325,371.0384216,73.68473816,50.0744133,33.80644226,45.31880569,289.25,121.0800018,41.19566727,143.3308105,91.28263092,84.94169617,175.0396118,156.8999939,86.58055115,53.13334656,191.1177216,77.86000061,76.80000305,26.27099228,16.72996902,37.7490921,187.1891327,161.9160309,46.38000107,40.7723732,26.4539814,129.2467194,25.36319542,55.78352356,1198.959961,202.5753326,26.38136292,82.42818451,94.68153381,114.6651306,80.73804474,128.6903076,276.9239197,37.11999893,215.0501404,52.24984741,230.0688019,122.9191055,193.3999939,62.15393448,76.29064178,195.2060699,219.8216095,129.0839996,46.2790947,116.0171585
5/31/19,46.75449753,61.37320328,83.18334961,27.82862473,100.492363,77.63269043,32.71753693,80.55620575,91.17723083,17.46027565,723.0900269,126.7412415,19.23973083,113.4829254,47.09882736,11.57101631,164.4346924,200.4774475,79.36608887,16.79999924,96.62110901,9.576798439,48.03678894,25.63999939,85.86000061,176.6253662,46.38000107,151.3000031,30.70507813,62.29157257,173.4736023,120.2369461,40.24631119,238.0311127,257.9572144,19.30312729,151.4100037,25.64999962,178.8946228,125.3197708,81.56982422,49.94989777,135.5500031,28.61485863,72.44662476,61.23936462,74.96674347,119.4893265,28.96969986,337.5218201,77.13782501,48.09944916,32.99524689,44.28417206,270.8999939,116.4400024,35.15464401,148.3158569,84.81476593,71.48271942,171.993988,132.0800018,89.16183472,51.16942596,196.055191,78.27999878,78.62999725,24.48539352,15.44004154,32.3120575,152.4307861,157.7103119,44.00999832,33.71123886,21.01973343,122.8514862,24.59657288,47.15261078,1106.5,180.3350677,25.45059967,82.99990845,96.70943451,102.178093,73.25239563,114.2930222,266.4738159,38.40999985,219.6950073,48.53081894,238.6863861,130.636734,177.4700012,57.86543655,75.04615021,182.0457916,203.4109192,103.1357346,46.5044632,113.5232315
6/30/19,46.75449753,61.37320328,83.18334961,27.82862473,100.492363,77.63269043,32.71753693,80.55620575,91.17723083,17.46027565,723.0900269,126.7412415,19.23973083,113.4829254,47.09882736,11.57101631,164.4346924,200.4774475,79.36608887,16.79999924,96.62110901,9.576798439,48.03678894,25.63999939,85.86000061,176.6253662,46.38000107,151.3000031,30.70507813,62.29157257,173.4736023,120.2369461,40.24631119,238.0311127,257.9572144,19.30312729,151.4100037,25.64999962,178.8946228,125.3197708,81.56982422,49.94989777,135.5500031,28.61485863,72.44662476,61.23936462,74.96674347,119.4893265,28.96969986,337.5218201,77.13782501,48.09944916,32.99524689,44.28417206,270.8999939,116.4400024,35.15464401,148.3158569,84.81476593,71.48271942,171.993988,132.0800018,89.16183472,51.16942596,196.055191,78.27999878,78.62999725,24.48539352,15.44004154,32.3120575,152.4307861,157.7103119,44.00999832,33.71123886,21.01973343,122.8514862,24.59657288,47.15261078,1106.5,180.3350677,25.45059967,82.99990845,96.70943451,102.178093,73.25239563,114.2930222,266.4738159,38.40999985,219.6950073,48.53081894,238.6863861,130.636734,177.4700012,57.86543655,75.04615021,182.0457916,203.4109192,103.1357346,46.5044632,113.5232315
7/31/19,55.09658813,75.5227356,85.13838196,28.38637161,109.3488464,81.88065338,36.25666046,86.49944305,100.9470825,16.95641327,756.75,131.000473,20.12674141,127.9815292,51.18021393,13.3687458,184.0445404,225.9528656,85.2359314,20.89999962,95.6027832,10.95763779,51.86061859,28.23999977,105.4300003,191.0176544,45.95999908,139.3300018,31.31734467,72.16560364,211.0973663,138.327179,42.91053009,273.8480835,286.8786926,21.71272659,154.5,26.93000031,188.4439392,126.0499344,80.01293182,55.80163574,124.6900024,28.86811066,85.65034485,67.4576416,77.82248688,114.8305511,28.33739471,337.0969849,86.34165192,52.1426506,35.20278168,43.73125076,298.8599854,132.7599945,37.45336914,164.7335052,91.28427124,81.6375885,180.6524658,146.7200012,96.24972534,55.07859802,204.9177704,87.76000214,84.91999817,29.76134682,16.53961182,39.51519775,169.1384735,164.8019867,51.25,33.83945084,21.68764877,135.3571625,18.83574104,49.44544601,1218.199951,217.5305786,27.09287643,89.58003235,106.2306061,123.1848373,80.82447052,131.9239655,277.3382263,42.45999908,257.9334106,53.59636307,246.8920441,150.2183838,194.2299957,73.31494141,93.4278183,213.3622742,226.3977966,102.8663025,48.88866043,123.4681931
8/31/19,55.09658813,75.5227356,85.13838196,28.38637161,109.3488464,81.88065338,36.25666046,86.49944305,100.9470825,16.95641327,756.75,131.000473,20.12674141,127.9815292,51.18021393,13.3687458,184.0445404,225.9528656,85.2359314,20.89999962,95.6027832,10.95763779,51.86061859,28.23999977,105.4300003,191.0176544,45.95999908,139.3300018,31.31734467,72.16560364,211.0973663,138.327179,42.91053009,273.8480835,286.8786926,21.71272659,154.5,26.93000031,188.4439392,126.0499344,80.01293182,55.80163574,124.6900024,28.86811066,85.65034485,67.4576416,77.82248688,114.8305511,28.33739471,337.0969849,86.34165192,52.1426506,35.20278168,43.73125076,298.8599854,132.7599945,37.45336914,164.7335052,91.28427124,81.6375885,180.6524658,146.7200012,96.24972534,55.07859802,204.9177704,87.76000214,84.91999817,29.76134682,16.53961182,39.51519775,169.1384735,164.8019867,51.25,33.83945084,21.68764877,135.3571625,18.83574104,49.44544601,1218.199951,217.5305786,27.09287643,89.58003235,106.2306061,123.1848373,80.82447052,131.9239655,277.3382263,42.45999908,257.9334106,53.59636307,246.8920441,150.2183838,194.2299957,73.31494141,93.4278183,213.3622742,226.3977966,102.8663025,48.88866043,123.4681931
9/30/19,29.32919693,68.58316803,83.04402161,29.83758736,118.1500473,83.60671234,37.78518677,88.51758575,108.1044464,17.060812,704.4000244,137.7707672,20.11698151,134.7450409,53.83473587,14.30000019,192.2326813,220.7664032,106.2797699,19.78000069,98.85772705,9.481427193,54.03636551,24.62000084,103.5899963,190.7895203,50.93000031,142.9900055,36.4404068,69.1304245,222.7708893,140.2778473,47.48325348,286.8805542,294.4438477,15.16585159,148.4400024,31.45000076,192.7455444,136.1463928,82.1212616,54.5428772,124.0699997,31.1116066,87.29851532,71.83312988,85.65301514,107.6677399,31.77742958,378.2625122,81.94764709,54.11603928,33.65501404,49.93496323,276.25,137.25,36.53327942,169.7358704,90.25740814,88.47641754,194.4276123,140.4199982,92.96972656,62.17661285,231.7502747,88,74.23000336,27.60798264,16.09632301,37.08216858,144.9553375,160.5416565,50.49000168,39.25138474,22.19085693,138.5585175,17.36303139,43.5694313,1221.140015,206.0681305,23.35710716,89.15397644,116.051178,127.3530807,82.48103333,133.9323273,291.0973206,40.68999863,265.5196838,54.90102386,216.4877167,154.1865692,178.0800018,74.78030396,87.57205963,204.3725281,210.915329,94.91496277,53.22093964,117.4223557
10/31/19,27.50979233,71.40642548,79.58676147,28.74018097,116.7363892,86.06982422,39.58875656,81.85315704,108.3831177,16.17274094,704.9400024,137.5527344,19.74680519,147.5204315,55.94786072,14.11999989,211.8423767,212.208786,106.2797699,19.14999962,101.8257523,9.78371048,54.02643967,25.23999977,106.1399994,184.7059174,57.59999847,154.0800018,39.12234116,60.39962769,247.4281616,136.3289032,47.57186127,296.4848938,306.0274048,14.79500103,156.4900055,33.99000168,192.7730255,136.2158966,83.14703369,54.24853897,143.3800049,33.08757401,91.10189819,68.07038879,88.03613281,108.1646881,32.17967606,337.9378662,84.98348236,50.38960648,34.91867828,56.96780777,277.9299927,135.75,41.51327896,165.6620483,92.50937653,88.70385742,211.3305054,144.0800018,96.8139267,65.94496918,237.0717926,93.16999817,83.91999817,28.38483047,16.93001175,36.76556396,152.0154114,161.3472595,48.31000137,39.79610062,19.02920532,142.8838043,18.42042732,39.67982483,1258.800049,212.1836548,24.71185684,90.79631805,112.6095276,117.1437912,87.11000061,136.1743317,301.8009949,41.70000076,266.084198,54.37494278,251.7322083,146.1086578,191.6499939,62.36649704,83.74908447,220.1970978,224.7280579,95.50152588,52.99692154,116.8749008
11/30/19,27.50979233,71.40642548,79.58676147,28.74018097,116.7363892,86.06982422,39.58875656,81.85315704,108.3831177,16.17274094,704.9400024,137.5527344,19.74680519,147.5204315,55.94786072,14.11999989,211.8423767,212.208786,106.2797699,19.14999962,101.8257523,9.78371048,54.02643967,25.23999977,106.1399994,184.7059174,57.59999847,154.0800018,39.12234116,60.39962769,247.4281616,136.3289032,47.57186127,296.4848938,306.0274048,14.79500103,156.4900055,33.99000168,192.7730255,136.2158966,83.14703369,54.24853897,143.3800049,33.08757401,91.10189819,68.07038879,88.03613281,108.1646881,32.17967606,337.9378662,84.98348236,50.38960648,34.91867828,56.96780777,277.9299927,135.75,41.51327896,165.6620483,92.50937653,88.70385742,211.3305054,144.0800018,96.8139267,65.94496918,237.0717926,93.16999817,83.91999817,28.38483047,16.93001175,36.76556396,152.0154114,161.3472595,48.31000137,39.79610062,19.02920532,142.8838043,18.42042732,39.67982483,1258.800049,212.1836548,24.71185684,90.79631805,112.6095276,117.1437912,87.11000061,136.1743317,301.8009949,41.70000076,266.084198,54.37494278,251.7322083,146.1086578,191.6499939,62.36649704,83.74908447,220.1970978,224.7280579,95.50152588,52.99692154,116.8749008
12/31/19,37.59000015,87.80000305,84.73999786,27.27000046,118.8399963,90.94999695,43.45000076,99.66000366,113.4499969,18.54999924,793.2800293,142.1499939,20.92291641,154.9700012,53.97999954,14.51000023,241.0700073,234.9900055,128.2100067,20.10000038,106.2300034,13.07151508,55.34999847,30.48999977,115.6299973,209.7590637,63.81000137,154.1000061,38.79999924,73.04000092,292.9547119,140.1199951,48.2348671,293.3016357,336.9474182,17,162.6399994,35.70000076,207.8727112,136.6699982,89.45999908,52.74522781,136.3800049,35.88000107,99.81999969,74.74259949,80.91999817,133.5099945,31.87000084,325.7600098,85.01999664,53.06463623,35.7730217,63.74000168,329.8099976,139.1999969,43.38000107,161.1399994,102.5123596,94.48000336,218.8292999,139.6499939,110.9100037,73.79201508,242.1600037,87.66999817,87.31999969,33.27000046,19.75995445,36.59999847,151.2100067,170.5,52.20999908,39.42908859,24.69620895,157.6999969,17.29716873,41.20999908,1339.390015,229.9299927,23.47999954,95.23000336,105.1500015,127.3699112,94.72000122,108.1399994,324.8699951,45.22000122,269.0799866,58.95999908,293.980011,146.9799957,205.25,75.41000366,87.51213837,237.4100037,250.8800049,117.2200012,54.36804581,124.0599976